Topic,Lag,Correlation,Median Sentiment Times Feedback Percentage Change,Median Revenue Percentage Change,Median Absolute Sentiment Times Feedback Change,Median Absolute Revenue Change,Trendline Slope
Gacha Feedback,1,0.4984667424437023,32.561147034017466,-25.90279663317947,0.5791000000000006,-9540000.0,-1260998.44259195
General Feedback,1,0.42247412729762307,6.2068718938824805,-25.90279663317947,0.1735999999999991,-9540000.0,-2001024.93386477
Login Issues,2,-0.4620354640171529,26.427471604286055,-22.443259293272533,0.19429999999999953,-9085000.0,-3400063.415049531
Power Creep,2,-0.4321545056043092,-23.737409005535042,-22.443259293272533,-1.0631499999999996,-9085000.0,1002137.6241951978
Story/Dialogue,3,-0.41051008481116946,6.670716889428832,-18.983721953365595,0.10979999999999857,-8630000.0,-344154.27136490867
